TransactionID,Transaction,CustomerID,Mobile_number,Customer Name,Age,Billing Without GST,Billing With GST,Date
TI0001,"['Camera', 'SD-card', 'Camera-holder']",CUST023,7023711077,Safyr,28,53750,60200,1/1/2017
TI0002,"['Camera', 'Focus-lens', 'SD-card', 'Camera-holder']",CUST012,7023711088,Ballinamore,24,68750,77000,1/1/2017
TI0003,"['Camera', 'Auto-focus-mount-adapter', 'Tripod-stand', 'Photographic-lighting']",CUST034,7023711066,Sahib,59,70050,78456,1/1/2017
TI0004,"['Camera', 'Focus-lens', 'SD-card', 'Camera-holder']",CUST008,7023711092,Ballad,12,68750,77000,1/1/2017
TI0005,"['Camera', 'Camera-holder', 'Photographic-lighting']",CUST029,7023711071,Sagiv,30,56100,62832,1/1/2017
TI0006,"['Camera', 'SD-card', 'Photographic-lighting']",CUST030,7023711070,Sago,31,54850,61432,1/1/2017
TI0007,"['Tripod-stand', 'Focus-lens', 'Camera', 'Auto-focus-mount-adapter']",CUST039,7023711061,Sal,56,81450,91224,1/1/2017
TI0008,"['Camera', 'SD-card', 'Camera-holder']",CUST032,7023711068,Sahale,56,53750,60200,1/1/2017
TI0009,"['Camera', 'Focus-lens', 'SD-card']",CUST021,7023711079,Safak,27,66250,74200,1/2/2017
TI0010,"['Camera', 'SD-card', 'Camera-holder']",CUST009,7023711091,Ballard,12,53750,60200,1/3/2017
TI0011,"['Camera', 'Focus-lens', 'SD-card', 'Camera-holder']",CUST002,7023711098,Aakash,10,68750,77000,1/3/2017
TI0012,"['Camera', 'SD-card', 'Tripod-stand', 'Camera-holder']",CUST023,7023711077,Safyr,28,55500,62160,1/3/2017
TI0013,"['Camera', 'Focus-lens', 'SD-card']",CUST034,7023711066,Sahib,59,66250,74200,1/3/2017
TI0014,"['Camera', 'SD-card', 'Camera-holder']",CUST026,7023711074,Sagaz,29,53750,60200,1/3/2017
TI0015,"['Camera', 'Focus-lens', 'SD-card', 'Camera-holder']",CUST024,7023711076,Saga,28,68750,77000,1/4/2017
TI0016,"['Camera', 'Focus-lens', 'SD-card', 'Camera-holder']",CUST037,7023711063,Saje,53,68750,77000,1/5/2017
TI0017,"['Camera', 'SD-card', 'Camera-holder', 'Auto-focus-mount-adapter', 'Focus-lens']",CUST029,7023711071,Sagiv,30,83450,93464,1/5/2017
TI0018,"['Tripod-stand', 'SD-card', 'Camera']",CUST027,7023711073,Sage,29,53000,59360,1/6/2017
TI0019,"['Focus-lens', 'SD-card']",CUST036,7023711064,Saiyid,52,16250,18200,1/7/2017
TI0020,"['Camera', 'SD-card', 'Photographic-lighting']",CUST025,7023711075,Sagar,29,54850,61432,1/7/2017
TI0021,"['Camera', 'Focus-lens', 'SD-card']",CUST038,7023711062,Sakima,55,66250,74200,1/7/2017
TI0022,"['Camera', 'SD-card', 'Photographic-lighting']",CUST001,7023711099,Aahron,10,54850,61432,1/7/2017
TI0023,"['SD-card', 'Camera-holder']",CUST031,7023711069,Sahadev,54,3750,4200,1/7/2017
TI0024,"['Tripod-stand', 'Focus-lens', 'Camera-holder', 'Auto-focus-mount-adapter']",CUST011,7023711089,Ballerd,24,33950,38024,1/8/2017
TI0025,"['Camera', 'SD-card', 'Camera-holder']",CUST040,7023711060,Salamon,58,53750,60200,1/9/2017
TI0026,"['Tripod-stand', 'SD-card', 'Camera-holder']",CUST036,7023711064,Saiyid,52,5500,6160,1/9/2017
TI0027,"['Camera', 'SD-card', 'Camera-holder', 'Auto-focus-mount-adapter']",CUST033,7023711067,Sahen,57,68450,76664,1/9/2017
TI0028,"['Tripod-stand', 'Camera-holder', 'Camera', 'Photographic-lighting']",CUST034,7023711066,Sahib,59,57850,64792,1/10/2017
TI0029,"['Camera', 'SD-card', 'Camera-holder', 'Tripod-stand']",CUST004,7023711096,Aamer,11,55500,62160,1/11/2017
TI0030,"['Camera', 'Focus-lens']",CUST001,7023711099,Aahron,10,65000,72800,1/11/2017
TI0031,"['SD-card', 'Camera-holder', 'Photographic-lighting', 'Auto-focus-mount-adapter']",CUST016,7023711084,Balthazar,25,22050,24696,1/11/2017
TI0032,"['Camera', 'Focus-lens', 'SD-card', 'Camera-holder']",CUST001,7023711099,Aahron,10,68750,77000,1/12/2017
TI0033,"['Camera', 'Focus-lens', 'SD-card']",CUST039,7023711061,Sal,56,66250,74200,1/13/2017
TI0034,"['Camera', 'Focus-lens', 'Camera-holder', 'Auto-focus-mount-adapter']",CUST004,7023711096,Aamer,11,82200,92064,1/13/2017
TI0035,"['Camera', 'SD-card', 'Camera-holder']",CUST014,7023711086,Baltasar,25,53750,60200,1/13/2017
TI0036,"['Camera', 'SD-card', 'Camera-holder']",CUST012,7023711088,Ballinamore,24,53750,60200,1/13/2017
TI0037,"['Camera', 'Focus-lens', 'SD-card', 'Camera-holder']",CUST022,7023711078,Safer,28,68750,77000,1/13/2017
TI0038,"['SD-card', 'Camera-holder']",CUST033,7023711067,Sahen,57,3750,4200,1/14/2017
TI0039,"['Focus-lens', 'Camera-holder', 'Photographic-lighting']",CUST003,7023711097,Aalam,10,21100,23632,1/15/2017
TI0040,"['Camera', 'Camera-holder']",CUST017,7023711083,Balthazzar,26,52500,58800,1/15/2017
TI0041,"['Camera', 'Focus-lens', 'SD-card', 'Camera-holder']",CUST005,7023711095,Aamir,11,68750,77000,1/15/2017
TI0042,"['Camera', 'Tripod-stand', 'Camera-holder']",CUST025,7023711075,Sagar,29,54250,60760,1/15/2017
TI0043,"['Camera', 'SD-card', 'Tripod-stand', 'Camera-holder']",CUST022,7023711078,Safer,28,55500,62160,1/15/2017
TI0044,"['Camera', 'SD-card', 'Photographic-lighting', 'Auto-focus-mount-adapter']",CUST006,7023711094,Aaran,11,69550,77896,1/15/2017
TI0045,"['SD-card', 'Camera-holder']",CUST028,7023711072,Sagittarius,30,3750,4200,1/16/2017
TI0046,"['Tripod-stand', 'Focus-lens', 'Camera-holder', 'Camera']",CUST007,7023711093,Aaren,12,69250,77560,1/17/2017
TI0047,"['Camera', 'Focus-lens', 'SD-card', 'Auto-focus-mount-adapter']",CUST007,7023711093,Aaren,12,80950,90664,1/17/2017
TI0048,"['Camera', 'SD-card', 'Photographic-lighting', 'Auto-focus-mount-adapter']",CUST032,7023711068,Sahale,56,69550,77896,1/17/2017
TI0049,"['Tripod-stand', 'Focus-lens', 'SD-card']",CUST006,7023711094,Aaran,11,18000,20160,1/18/2017
TI0050,"['Camera', 'SD-card', 'Camera-holder', 'Auto-focus-mount-adapter', 'Focus-lens']",CUST025,7023711075,Sagar,29,83450,93464,1/19/2017
TI0051,"['Camera', 'Camera-holder', 'Photographic-lighting']",CUST029,7023711071,Sagiv,30,56100,62832,1/19/2017
TI0052,"['Focus-lens', 'Camera-holder']",CUST005,7023711095,Aamir,11,17500,19600,1/20/2017
TI0053,"['Camera', 'SD-card']",CUST035,7023711065,Said,50,51250,57400,1/21/2017
TI0054,"['Camera', 'SD-card', 'Tripod-stand']",CUST013,7023711087,Balshazar,24,53000,59360,1/21/2017
TI0055,"['Camera', 'SD-card']",CUST024,7023711076,Saga,28,51250,57400,1/22/2017
TI0056,"['Focus-lens', 'Camera-holder', 'Photographic-lighting']",CUST016,7023711084,Balthazar,25,21100,23632,1/23/2017
TI0057,"['Camera', 'Focus-lens']",CUST040,7023711060,Salamon,58,65000,72800,1/23/2017
TI0058,"['Camera', 'Tripod-stand']",CUST036,7023711064,Saiyid,52,51750,57960,1/24/2017
TI0059,"['Camera', 'Focus-lens', 'SD-card']",CUST015,7023711085,Baltazar,25,66250,74200,1/25/2017
TI0060,"['Camera', 'Tripod-stand']",CUST013,7023711087,Balshazar,24,51750,57960,1/25/2017
TI0061,"['Focus-lens', 'SD-card']",CUST037,7023711063,Saje,53,16250,18200,1/25/2017
TI0062,"['Camera', 'Focus-lens']",CUST036,7023711064,Saiyid,52,65000,72800,1/25/2017
TI0063,"['SD-card', 'Camera-holder']",CUST033,7023711067,Sahen,57,3750,4200,1/26/2017
TI0064,"['Camera', 'Auto-focus-mount-adapter']",CUST037,7023711063,Saje,53,64700,72464,1/27/2017
TI0065,"['Focus-lens', 'SD-card']",CUST040,7023711060,Salamon,58,16250,18200,1/27/2017
TI0066,"['Camera', 'Focus-lens', 'Auto-focus-mount-adapter']",CUST010,7023711090,Ballentine,23,79700,89264,1/28/2017
TI0067,"['Tripod-stand', 'Camera']",CUST038,7023711062,Sakima,55,51750,57960,1/29/2017
TI0068,"['Camera', 'Camera-holder']",CUST023,7023711077,Safyr,28,52500,58800,1/29/2017
TI0069,"['Focus-lens', 'Camera-holder', 'Auto-focus-mount-adapter']",CUST021,7023711079,Safak,27,32200,36064,1/29/2017
TI0070,"['SD-card', 'Auto-focus-mount-adapter']",CUST015,7023711085,Baltazar,25,15950,17864,1/30/2017
TI0071,"['Camera', 'SD-card']",CUST033,7023711067,Sahen,57,51250,57400,1/31/2017
TI0072,"['Camera', 'Camera-holder']",CUST028,7023711072,Sagittarius,30,52500,58800,1/31/2017
TI0073,['SD-card'],CUST001,7023711099,Aahron,10,1250,1400,1/31/2017
TI0074,"['Camera', 'Focus-lens']",CUST037,7023711063,Saje,53,65000,72800,1/31/2017
TI0075,"['Camera', 'Photographic-lighting', 'Auto-focus-mount-adapter']",CUST020,7023711080,Saeed,27,68300,76496,1/31/2017
TI0076,"['Camera', 'SD-card', 'Camera-holder']",CUST010,7023711090,Ballentine,23,53750,60200,1/31/2017
TI0077,"['Camera', 'Focus-lens', 'Camera-holder']",CUST025,7023711075,Sagar,29,67500,75600,2/1/2017
TI0078,"['Tripod-stand', 'Focus-lens', 'Camera-holder']",CUST018,7023711082,Baltsaros,26,19250,21560,2/2/2017
TI0079,"['Camera', 'SD-card', 'Photographic-lighting']",CUST014,7023711086,Baltasar,25,54850,61432,2/2/2017
TI0080,"['Camera', 'Camera-holder']",CUST016,7023711084,Balthazar,25,52500,58800,2/2/2017
TI0081,"['Camera', 'SD-card']",CUST039,7023711061,Sal,56,51250,57400,2/2/2017
TI0082,"['Focus-lens', 'SD-card']",CUST008,7023711092,Ballad,12,16250,18200,2/2/2017
TI0083,['Camera'],CUST021,7023711079,Safak,27,50000,56000,2/3/2017
TI0084,"['Camera', 'Camera-holder', 'Photographic-lighting']",CUST019,7023711081,Sady,27,56100,62832,2/4/2017
TI0085,"['Camera', 'Focus-lens']",CUST003,7023711097,Aalam,10,65000,72800,2/4/2017
TI0086,"['SD-card', 'Camera-holder']",CUST022,7023711078,Safer,28,3750,4200,2/4/2017
TI0087,"['Camera', 'SD-card', 'Auto-focus-mount-adapter']",CUST023,7023711077,Safyr,28,65950,73864,2/5/2017
TI0088,"['Focus-lens', 'SD-card']",CUST028,7023711072,Sagittarius,30,16250,18200,2/6/2017
TI0089,"['Camera', 'SD-card']",CUST024,7023711076,Saga,28,51250,57400,2/6/2017
TI0090,"['Camera', 'Focus-lens', 'Camera-holder']",CUST011,7023711089,Ballerd,24,67500,75600,2/6/2017
TI0091,"['Camera', 'SD-card']",CUST005,7023711095,Aamir,11,51250,57400,2/7/2017
TI0092,"['Camera', 'SD-card']",CUST032,7023711068,Sahale,56,51250,57400,2/8/2017
TI0093,['Camera'],CUST035,7023711065,Said,50,50000,56000,2/8/2017
TI0094,['Camera-holder'],CUST012,7023711088,Ballinamore,24,2500,2800,2/9/2017
TI0095,"['SD-card', 'Camera-holder']",CUST016,7023711084,Balthazar,25,3750,4200,2/10/2017
TI0096,"['Focus-lens', 'SD-card', 'Camera-holder']",CUST032,7023711068,Sahale,56,18750,21000,2/10/2017
TI0097,"['SD-card', 'Camera-holder']",CUST020,7023711080,Saeed,27,3750,4200,2/10/2017
TI0098,"['Camera', 'SD-card']",CUST031,7023711069,Sahadev,54,51250,57400,2/10/2017
TI0099,"['Focus-lens', 'Camera-holder', 'Auto-focus-mount-adapter']",CUST037,7023711063,Saje,53,32200,36064,2/10/2017
TI0100,"['Camera', 'Focus-lens', 'Camera-holder']",CUST018,7023711082,Baltsaros,26,67500,75600,2/10/2017
TI0101,"['Camera', 'Camera-holder']",CUST039,7023711061,Sal,56,52500,58800,2/11/2017
TI0102,"['Camera', 'SD-card']",CUST011,7023711089,Ballerd,24,51250,57400,2/12/2017
TI0103,"['SD-card', 'Camera-holder', 'Auto-focus-mount-adapter']",CUST007,7023711093,Aaren,12,18450,20664,2/12/2017
TI0104,"['Focus-lens', 'Camera-holder']",CUST010,7023711090,Ballentine,23,17500,19600,2/12/2017
TI0105,"['Camera', 'Focus-lens', 'SD-card']",CUST005,7023711095,Aamir,11,66250,74200,2/13/2017
TI0106,"['Camera', 'SD-card']",CUST024,7023711076,Saga,28,51250,57400,2/14/2017
TI0107,"['SD-card', 'Camera-holder']",CUST032,7023711068,Sahale,56,3750,4200,2/14/2017
TI0108,"['Tripod-stand', 'SD-card', 'Camera']",CUST040,7023711060,Salamon,58,53000,59360,2/15/2017
TI0109,"['Camera', 'SD-card', 'Tripod-stand']",CUST018,7023711082,Baltsaros,26,53000,59360,2/16/2017
TI0110,"['Camera', 'SD-card', 'Camera-holder']",CUST033,7023711067,Sahen,57,53750,60200,2/16/2017
TI0111,"['Focus-lens', 'SD-card', 'Photographic-lighting']",CUST028,7023711072,Sagittarius,30,19850,22232,2/16/2017
TI0112,"['Tripod-stand', 'Camera-holder']",CUST018,7023711082,Baltsaros,26,4250,4760,2/17/2017
TI0113,"['Camera', 'Camera-holder', 'Photographic-lighting']",CUST013,7023711087,Balshazar,24,56100,62832,2/18/2017
TI0114,"['Tripod-stand', 'SD-card', 'Camera-holder']",CUST017,7023711083,Balthazzar,26,5500,6160,2/18/2017
TI0115,"['Tripod-stand', 'Camera-holder']",CUST033,7023711067,Sahen,57,4250,4760,2/18/2017
TI0116,"['Camera', 'Focus-lens']",CUST012,7023711088,Ballinamore,24,65000,72800,2/18/2017
TI0117,"['Camera', 'SD-card', 'Camera-holder']",CUST010,7023711090,Ballentine,23,53750,60200,2/18/2017
TI0118,"['Focus-lens', 'Camera-holder']",CUST009,7023711091,Ballard,12,17500,19600,2/19/2017
TI0119,"['Camera', 'Tripod-stand']",CUST015,7023711085,Baltazar,25,51750,57960,2/20/2017
TI0120,"['Camera', 'Focus-lens', 'Auto-focus-mount-adapter']",CUST007,7023711093,Aaren,12,79700,89264,2/20/2017
TI0121,"['SD-card', 'Camera-holder']",CUST011,7023711089,Ballerd,24,3750,4200,2/20/2017
TI0122,"['Tripod-stand', 'Focus-lens', 'Photographic-lighting']",CUST001,7023711099,Aahron,10,20350,22792,2/20/2017
TI0123,"['SD-card', 'Camera-holder']",CUST032,7023711068,Sahale,56,3750,4200,2/20/2017
TI0124,"['Camera', 'SD-card', 'Camera-holder']",CUST013,7023711087,Balshazar,24,53750,60200,2/21/2017
TI0125,"['Camera', 'SD-card', 'Camera-holder']",CUST014,7023711086,Baltasar,25,53750,60200,2/22/2017
TI0126,['Camera'],CUST012,7023711088,Ballinamore,24,50000,56000,2/22/2017
TI0127,"['Camera', 'Focus-lens']",CUST005,7023711095,Aamir,11,65000,72800,2/22/2017
TI0128,"['Camera', 'SD-card']",CUST013,7023711087,Balshazar,24,51250,57400,2/22/2017
TI0129,"['Camera', 'Focus-lens', 'Camera-holder']",CUST019,7023711081,Sady,27,67500,75600,2/22/2017
TI0130,"['SD-card', 'Camera-holder', 'Auto-focus-mount-adapter']",CUST039,7023711061,Sal,56,18450,20664,2/22/2017
TI0131,"['Camera', 'SD-card', 'Camera-holder']",CUST013,7023711087,Balshazar,24,53750,60200,2/23/2017
TI0132,"['Camera', 'Camera-holder', 'Auto-focus-mount-adapter']",CUST017,7023711083,Balthazzar,26,67200,75264,2/24/2017
TI0133,"['Camera', 'SD-card']",CUST016,7023711084,Balthazar,25,51250,57400,2/24/2017
TI0134,"['Camera', 'Focus-lens', 'Auto-focus-mount-adapter']",CUST019,7023711081,Sady,27,79700,89264,2/25/2017
TI0135,"['Camera', 'Camera-holder']",CUST025,7023711075,Sagar,29,52500,58800,2/26/2017
TI0136,"['SD-card', 'Auto-focus-mount-adapter']",CUST027,7023711073,Sage,29,15950,17864,2/26/2017
TI0137,"['Camera', 'Camera-holder', 'Tripod-stand']",CUST013,7023711087,Balshazar,24,54250,60760,2/26/2017
TI0138,"['Focus-lens', 'Camera-holder']",CUST016,7023711084,Balthazar,25,17500,19600,2/26/2017
TI0139,"['Camera', 'SD-card', 'Photographic-lighting']",CUST027,7023711073,Sage,29,54850,61432,2/27/2017
TI0140,"['Camera', 'Camera-holder']",CUST031,7023711069,Sahadev,54,52500,58800,2/28/2017
TI0141,"['Camera', 'SD-card', 'Camera-holder']",CUST012,7023711088,Ballinamore,24,53750,60200,2/28/2017
TI0142,"['Camera', 'SD-card']",CUST002,7023711098,Aakash,10,51250,57400,2/28/2017
TI0143,"['SD-card', 'Camera-holder', 'Auto-focus-mount-adapter']",CUST040,7023711060,Salamon,58,18450,20664,3/1/2017
TI0144,"['Camera', 'SD-card']",CUST024,7023711076,Saga,28,51250,57400,3/2/2017
TI0145,"['Camera', 'Camera-holder']",CUST021,7023711079,Safak,27,52500,58800,3/2/2017
TI0146,"['Camera', 'Focus-lens', 'Camera-holder']",CUST016,7023711084,Balthazar,25,67500,75600,3/2/2017
TI0147,"['Camera', 'SD-card', 'Camera-holder']",CUST031,7023711069,Sahadev,54,53750,60200,3/3/2017
TI0148,"['Camera', 'Photographic-lighting']",CUST016,7023711084,Balthazar,25,53600,60032,3/4/2017
TI0149,"['Camera', 'Camera-holder']",CUST040,7023711060,Salamon,58,52500,58800,3/4/2017
TI0150,"['Camera', 'SD-card']",CUST015,7023711085,Baltazar,25,51250,57400,3/5/2017
TI0151,"['Camera', 'Focus-lens', 'SD-card', 'Camera-holder']",CUST038,7023711062,Sakima,55,68750,77000,3/6/2017
TI0152,"['Camera', 'Focus-lens', 'Camera-holder']",CUST002,7023711098,Aakash,10,67500,75600,3/6/2017
TI0153,"['Camera', 'Camera-holder']",CUST016,7023711084,Balthazar,25,52500,58800,3/6/2017
TI0154,"['SD-card', 'Camera-holder', 'Photographic-lighting']",CUST019,7023711081,Sady,27,7350,8232,3/6/2017
TI0155,"['Focus-lens', 'SD-card', 'Camera-holder']",CUST020,7023711080,Saeed,27,18750,21000,3/7/2017
TI0156,"['Camera', 'SD-card']",CUST007,7023711093,Aaren,12,51250,57400,3/8/2017
TI0157,"['Focus-lens', 'SD-card', 'Camera-holder']",CUST029,7023711071,Sagiv,30,18750,21000,3/8/2017
TI0158,"['Camera', 'Focus-lens', 'SD-card']",CUST007,7023711093,Aaren,12,66250,74200,3/8/2017
TI0159,"['Camera', 'SD-card', 'Camera-holder', 'Photographic-lighting']",CUST006,7023711094,Aaran,11,57350,64232,3/8/2017
TI0160,"['Camera', 'SD-card', 'Camera-holder']",CUST037,7023711063,Saje,53,53750,60200,3/9/2017
TI0161,"['Camera', 'Focus-lens', 'Camera-holder']",CUST018,7023711082,Baltsaros,26,67500,75600,3/10/2017
TI0162,"['Tripod-stand', 'SD-card', 'Camera-holder', 'Auto-focus-mount-adapter']",CUST036,7023711064,Saiyid,52,20200,22624,3/10/2017
TI0163,"['Tripod-stand', 'SD-card', 'Photographic-lighting']",CUST015,7023711085,Baltazar,25,6600,7392,3/10/2017
TI0164,"['Camera-holder', 'Photographic-lighting']",CUST036,7023711064,Saiyid,52,6100,6832,3/10/2017
TI0165,"['Camera', 'Focus-lens', 'Camera-holder']",CUST004,7023711096,Aamer,11,67500,75600,3/10/2017
TI0166,"['Camera', 'Focus-lens', 'Camera-holder']",CUST037,7023711063,Saje,53,67500,75600,3/11/2017
TI0167,"['Camera', 'Focus-lens', 'Camera-holder']",CUST039,7023711061,Sal,56,67500,75600,3/12/2017
TI0168,"['SD-card', 'Camera-holder']",CUST027,7023711073,Sage,29,3750,4200,3/12/2017
TI0169,['Camera-holder'],CUST008,7023711092,Ballad,12,2500,2800,3/12/2017
TI0170,"['Camera', 'SD-card', 'Camera-holder']",CUST039,7023711061,Sal,56,53750,60200,3/12/2017
TI0171,"['Tripod-stand', 'SD-card']",CUST011,7023711089,Ballerd,24,3000,3360,3/12/2017
TI0172,"['Camera-holder', 'Auto-focus-mount-adapter']",CUST023,7023711077,Safyr,28,17200,19264,3/12/2017
TI0173,"['Focus-lens', 'SD-card', 'Auto-focus-mount-adapter']",CUST019,7023711081,Sady,27,30950,34664,3/13/2017
TI0174,"['Tripod-stand', 'Camera-holder', 'Camera']",CUST039,7023711061,Sal,56,54250,60760,3/14/2017
TI0175,"['Focus-lens', 'SD-card']",CUST026,7023711074,Sagaz,29,16250,18200,3/14/2017
TI0176,"['Camera', 'Camera-holder']",CUST033,7023711067,Sahen,57,52500,58800,3/14/2017
TI0177,"['Camera', 'SD-card', 'Camera-holder']",CUST017,7023711083,Balthazzar,26,53750,60200,3/15/2017
TI0178,"['Focus-lens', 'SD-card', 'Camera-holder', 'Auto-focus-mount-adapter']",CUST011,7023711089,Ballerd,24,33450,37464,3/16/2017
TI0179,"['Tripod-stand', 'Camera-holder']",CUST014,7023711086,Baltasar,25,4250,4760,3/16/2017
TI0180,"['Camera', 'Focus-lens', 'SD-card', 'Camera-holder']",CUST024,7023711076,Saga,28,68750,77000,3/16/2017
TI0181,"['Camera', 'Focus-lens', 'SD-card']",CUST031,7023711069,Sahadev,54,66250,74200,3/16/2017
TI0182,"['Camera', 'SD-card', 'Camera-holder']",CUST031,7023711069,Sahadev,54,53750,60200,3/16/2017
TI0183,"['Camera', 'Auto-focus-mount-adapter']",CUST035,7023711065,Said,50,64700,72464,3/16/2017
TI0184,"['Camera-holder', 'Auto-focus-mount-adapter']",CUST024,7023711076,Saga,28,17200,19264,3/17/2017
TI0185,"['Camera', 'Focus-lens', 'SD-card', 'Auto-focus-mount-adapter']",CUST023,7023711077,Safyr,28,80950,90664,3/18/2017
TI0186,"['Focus-lens', 'SD-card', 'Camera-holder']",CUST018,7023711082,Baltsaros,26,18750,21000,3/18/2017
TI0187,"['Camera', 'Focus-lens', 'SD-card']",CUST012,7023711088,Ballinamore,24,66250,74200,3/19/2017
TI0188,"['Camera', 'Focus-lens', 'Photographic-lighting']",CUST030,7023711070,Sago,31,68600,76832,3/20/2017
TI0189,"['Camera', 'Focus-lens', 'Photographic-lighting']",CUST004,7023711096,Aamer,11,68600,76832,3/20/2017
TI0190,"['Camera', 'Focus-lens', 'SD-card']",CUST026,7023711074,Sagaz,29,66250,74200,3/20/2017
TI0191,"['Camera', 'SD-card', 'Camera-holder']",CUST007,7023711093,Aaren,12,53750,60200,3/20/2017
TI0192,"['Camera', 'Focus-lens', 'Camera-holder', 'Auto-focus-mount-adapter']",CUST002,7023711098,Aakash,10,82200,92064,3/20/2017
TI0193,"['Camera', 'Camera-holder', 'Auto-focus-mount-adapter']",CUST021,7023711079,Safak,27,67200,75264,3/20/2017
TI0194,"['Camera', 'SD-card', 'Camera-holder']",CUST030,7023711070,Sago,31,53750,60200,3/21/2017
TI0195,"['Camera', 'Camera-holder', 'Tripod-stand']",CUST021,7023711079,Safak,27,54250,60760,3/22/2017
TI0196,"['Camera', 'Camera-holder', 'Photographic-lighting']",CUST037,7023711063,Saje,53,56100,62832,3/22/2017
TI0197,['Camera-holder'],CUST034,7023711066,Sahib,59,2500,2800,3/22/2017
TI0198,"['Camera', 'SD-card', 'Camera-holder']",CUST029,7023711071,Sagiv,30,53750,60200,3/22/2017
TI0199,"['Camera', 'SD-card', 'Camera-holder']",CUST029,7023711071,Sagiv,30,53750,60200,3/22/2017
TI0200,"['Camera', 'Focus-lens', 'SD-card', 'Camera-holder']",CUST034,7023711066,Sahib,59,68750,77000,3/23/2017
TI0201,"['Focus-lens', 'SD-card', 'Camera-holder']",CUST015,7023711085,Baltazar,25,18750,21000,3/24/2017
TI0202,"['Tripod-stand', 'Focus-lens', 'SD-card', 'Auto-focus-mount-adapter']",CUST032,7023711068,Sahale,56,32700,36624,3/24/2017
TI0203,"['Camera', 'SD-card', 'Camera-holder']",CUST002,7023711098,Aakash,10,53750,60200,3/24/2017
TI0204,"['Camera', 'Focus-lens']",CUST040,7023711060,Salamon,58,65000,72800,3/25/2017
TI0205,"['Camera', 'SD-card', 'Camera-holder']",CUST007,7023711093,Aaren,12,53750,60200,3/26/2017
TI0206,"['Camera', 'Camera-holder', 'Auto-focus-mount-adapter']",CUST017,7023711083,Balthazzar,26,67200,75264,3/26/2017
TI0207,"['Camera', 'Focus-lens', 'SD-card']",CUST015,7023711085,Baltazar,25,66250,74200,3/26/2017
TI0208,"['Camera', 'SD-card', 'Camera-holder', 'Auto-focus-mount-adapter']",CUST012,7023711088,Ballinamore,24,68450,76664,3/26/2017
TI0209,"['Camera', 'Auto-focus-mount-adapter']",CUST004,7023711096,Aamer,11,64700,72464,3/26/2017
TI0210,"['Camera', 'SD-card', 'Camera-holder']",CUST038,7023711062,Sakima,55,53750,60200,3/26/2017
TI0211,"['Tripod-stand', 'SD-card', 'Camera']",CUST038,7023711062,Sakima,55,53000,59360,3/27/2017
TI0212,"['Camera', 'SD-card', 'Camera-holder', 'Photographic-lighting']",CUST038,7023711062,Sakima,55,57350,64232,3/28/2017
TI0213,"['Camera', 'SD-card', 'Tripod-stand']",CUST025,7023711075,Sagar,29,53000,59360,3/28/2017
TI0214,"['SD-card', 'Camera-holder', 'Photographic-lighting', 'Auto-focus-mount-adapter']",CUST007,7023711093,Aaren,12,22050,24696,3/28/2017
TI0215,"['Camera', 'Focus-lens', 'SD-card', 'Camera-holder']",CUST026,7023711074,Sagaz,29,68750,77000,3/28/2017
TI0216,"['Camera', 'Camera-holder', 'Auto-focus-mount-adapter']",CUST037,7023711063,Saje,53,67200,75264,3/29/2017
TI0217,"['Camera', 'SD-card', 'Camera-holder']",CUST014,7023711086,Baltasar,25,53750,60200,3/30/2017
TI0218,"['Camera', 'Focus-lens', 'SD-card']",CUST004,7023711096,Aamer,11,66250,74200,3/30/2017
TI0219,"['Camera', 'SD-card', 'Camera-holder', 'Auto-focus-mount-adapter']",CUST028,7023711072,Sagittarius,30,68450,76664,3/30/2017
TI0220,"['Camera', 'Camera-holder']",CUST032,7023711068,Sahale,56,52500,58800,3/30/2017
TI0221,"['SD-card', 'Cover-Case', 'Screen-Protector', 'Sim']",CUST017,7023711083,Balthazzar,26,2800,3136,3/31/2017
TI0222,"['Sim', 'Mobile-phone']",CUST023,7023711077,Safyr,28,45150,50568,4/1/2017
TI0223,"['SD-card', 'Mobile-phone']",CUST028,7023711072,Sagittarius,30,46250,51800,4/1/2017
TI0224,"['Earphones', 'Screen-Protector', 'Sim']",CUST021,7023711079,Safak,27,2950,3304,4/1/2017
TI0225,"['Earphones', 'Cover-Case', 'Screen-Protector', 'Sim']",CUST036,7023711064,Saiyid,52,4050,4536,4/1/2017
TI0226,"['Earphones', 'SD-card', 'Screen-Protector', 'Sim']",CUST011,7023711089,Ballerd,24,4200,4704,4/2/2017
TI0227,"['Mobile-phone', 'Screen-Protector', 'Sim']",CUST008,7023711092,Ballad,12,45450,50904,4/3/2017
TI0228,"['Sim', 'Cover-Case', 'Screen-Protector', 'Mobile-phone']",CUST030,7023711070,Sago,31,46550,52136,4/3/2017
TI0229,"['Earphones', 'SD-card', 'Cover-Case', 'Mobile-phone']",CUST036,7023711064,Saiyid,52,49850,55832,4/4/2017
TI0230,"['Screen-Protector', 'Mobile-phone']",CUST039,7023711061,Sal,56,45300,50736,4/5/2017
TI0231,"['Earphones', 'Cover-Case', 'Screen-Protector', 'Mobile-phone']",CUST006,7023711094,Aaran,11,48900,54768,4/5/2017
TI0232,"['Cover-Case', 'Screen-Protector', 'Sim']",CUST015,7023711085,Baltazar,25,1550,1736,4/6/2017
TI0233,"['Mobile-phone', 'Screen-Protector', 'Sim']",CUST010,7023711090,Ballentine,23,45450,50904,4/7/2017
TI0234,"['Mobile-phone', 'Sim']",CUST022,7023711078,Safer,28,45150,50568,4/7/2017
TI0235,"['SD-card', 'Cover-Case']",CUST012,7023711088,Ballinamore,24,2350,2632,4/7/2017
TI0236,"['Earphones', 'Sim', 'Screen-Protector', 'Mobile-phone']",CUST028,7023711072,Sagittarius,30,47950,53704,4/8/2017
TI0237,"['Earphones', 'Screen-Protector', 'Mobile-phone']",CUST020,7023711080,Saeed,27,47800,53536,4/9/2017
TI0238,"['Earphones', 'SD-card', 'Screen-Protector']",CUST031,7023711069,Sahadev,54,4050,4536,4/9/2017
TI0239,"['Earphones', 'SD-card', 'Screen-Protector']",CUST026,7023711074,Sagaz,29,4050,4536,4/9/2017
TI0240,"['Earphones', 'SD-card', 'Sim', 'Mobile-phone']",CUST038,7023711062,Sakima,55,48900,54768,4/9/2017
TI0241,"['Sim', 'Mobile-phone']",CUST014,7023711086,Baltasar,25,45150,50568,4/10/2017
TI0242,"['Earphones', 'SD-card', 'Screen-Protector', 'Sim']",CUST029,7023711071,Sagiv,30,4200,4704,4/11/2017
TI0243,"['Earphones', 'Cover-Case', 'Screen-Protector', 'Sim']",CUST023,7023711077,Safyr,28,4050,4536,4/11/2017
TI0244,"['Earphones', 'SD-card', 'Cover-Case']",CUST020,7023711080,Saeed,27,4850,5432,4/11/2017
TI0245,"['Earphones', 'Screen-Protector']",CUST011,7023711089,Ballerd,24,2800,3136,4/11/2017
TI0246,"['Power-Bank', 'SD-card', 'Screen-Protector', 'Sim']",CUST016,7023711084,Balthazar,25,4200,4704,4/11/2017
TI0247,"['Earphones', 'Mobile-phone', 'Sim']",CUST033,7023711067,Sahen,57,47650,53368,4/11/2017
TI0248,"['SD-card', 'Screen-Protector', 'Sim']",CUST028,7023711072,Sagittarius,30,1700,1904,4/12/2017
TI0249,"['SD-card', 'Screen-Protector', 'Mobile-phone']",CUST027,7023711073,Sage,29,46550,52136,4/13/2017
TI0250,"['Earphones', 'Screen-Protector', 'Mobile-phone']",CUST027,7023711073,Sage,29,47800,53536,4/13/2017
TI0251,"['Earphones', 'SD-card', 'Cover-Case', 'Mobile-phone']",CUST017,7023711083,Balthazzar,26,49850,55832,4/13/2017
TI0252,"['SD-card', 'Mobile-phone']",CUST032,7023711068,Sahale,56,46250,51800,4/13/2017
TI0253,"['SD-card', 'Cover-Case', 'Mobile-phone']",CUST030,7023711070,Sago,31,47350,53032,4/13/2017
TI0254,"['Power-Bank', 'Mobile-phone', 'Cover-Case', 'Sim']",CUST035,7023711065,Said,50,48750,54600,4/14/2017
TI0255,"['SD-card', 'Cover-Case', 'Mobile-phone']",CUST032,7023711068,Sahale,56,47350,53032,4/15/2017
TI0256,"['SD-card', 'Screen-Protector', 'Mobile-phone']",CUST024,7023711076,Saga,28,46550,52136,4/15/2017
TI0257,"['Mobile-phone', 'Screen-Protector', 'Sim']",CUST030,7023711070,Sago,31,45450,50904,4/15/2017
TI0258,"['SD-card', 'Screen-Protector', 'Mobile-phone']",CUST004,7023711096,Aamer,11,46550,52136,4/15/2017
TI0259,"['Mobile-phone', 'Sim']",CUST038,7023711062,Sakima,55,45150,50568,4/16/2017
TI0260,"['Earphones', 'SD-card', 'Sim']",CUST016,7023711084,Balthazar,25,3900,4368,4/17/2017
TI0261,"['Earphones', 'Cover-Case', 'Screen-Protector', 'Sim']",CUST007,7023711093,Aaren,12,4050,4536,4/17/2017
TI0262,"['Earphones', 'SD-card', 'Sim']",CUST003,7023711097,Aalam,10,3900,4368,4/17/2017
TI0263,"['SD-card', 'Sim', 'Mobile-phone']",CUST027,7023711073,Sage,29,46400,51968,4/18/2017
TI0264,"['SD-card', 'Cover-Case', 'Screen-Protector', 'Mobile-phone']",CUST009,7023711091,Ballard,12,47650,53368,4/19/2017
TI0265,"['Cover-Case', 'Screen-Protector', 'Mobile-phone']",CUST030,7023711070,Sago,31,46400,51968,4/19/2017
TI0266,"['SD-card', 'Mobile-phone']",CUST014,7023711086,Baltasar,25,46250,51800,4/19/2017
TI0267,"['Earphones', 'Cover-Case', 'Screen-Protector', 'Mobile-phone']",CUST016,7023711084,Balthazar,25,48900,54768,4/19/2017
TI0268,"['Screen-Protector', 'Sim']",CUST015,7023711085,Baltazar,25,450,504,4/19/2017
TI0269,"['Earphones', 'SD-card', 'Sim', 'Mobile-phone']",CUST031,7023711069,Sahadev,54,48900,54768,4/20/2017
TI0270,"['Earphones', 'SD-card', 'Sim', 'Mobile-phone']",CUST040,7023711060,Salamon,58,48900,54768,4/21/2017
TI0271,"['Screen-Protector', 'Mobile-phone']",CUST037,7023711063,Saje,53,45300,50736,4/21/2017
TI0272,"['Sim', 'Mobile-phone']",CUST003,7023711097,Aalam,10,45150,50568,4/21/2017
TI0273,"['Cover-Case', 'Screen-Protector']",CUST005,7023711095,Aamir,11,1400,1568,4/22/2017
TI0274,"['SD-card', 'Sim']",CUST024,7023711076,Saga,28,1400,1568,4/23/2017
TI0275,"['SD-card', 'Mobile-phone']",CUST034,7023711066,Sahib,59,46250,51800,4/23/2017
TI0276,"['Screen-Protector', 'Mobile-phone']",CUST033,7023711067,Sahen,57,45300,50736,4/23/2017
TI0277,"['Screen-Protector', 'Sim']",CUST027,7023711073,Sage,29,450,504,4/23/2017
TI0278,"['Power-Bank', 'Screen-Protector']",CUST035,7023711065,Said,50,2800,3136,4/23/2017
TI0279,['Cover-Case'],CUST024,7023711076,Saga,28,1100,1232,4/23/2017
TI0280,['Screen-Protector'],CUST021,7023711079,Safak,27,300,336,4/24/2017
TI0281,"['SD-card', 'Mobile-phone']",CUST001,7023711099,Aahron,10,46250,51800,4/25/2017
TI0282,"['Mobile-phone', 'Sim']",CUST034,7023711066,Sahib,59,45150,50568,4/25/2017
TI0283,"['Earphones', 'Sim']",CUST008,7023711092,Ballad,12,2650,2968,4/25/2017
TI0284,"['Sim', 'Mobile-phone']",CUST014,7023711086,Baltasar,25,45150,50568,4/25/2017
TI0285,['Mobile-phone'],CUST024,7023711076,Saga,28,45000,50400,4/25/2017
TI0286,['SD-card'],CUST012,7023711088,Ballinamore,24,1250,1400,4/25/2017
TI0287,"['SD-card', 'Mobile-phone']",CUST039,7023711061,Sal,56,46250,51800,4/26/2017
TI0288,"['SD-card', 'Sim']",CUST040,7023711060,Salamon,58,1400,1568,4/27/2017
TI0289,['Sim'],CUST005,7023711095,Aamir,11,150,168,4/27/2017
TI0290,['SD-card'],CUST033,7023711067,Sahen,57,1250,1400,4/27/2017
TI0291,"['Cover-Case', 'Sim']",CUST015,7023711085,Baltazar,25,1250,1400,4/27/2017
TI0292,"['Mobile-phone', 'Sim']",CUST015,7023711085,Baltazar,25,45150,50568,4/28/2017
TI0293,['SD-card'],CUST015,7023711085,Baltazar,25,1250,1400,4/29/2017
TI0294,['SD-card'],CUST036,7023711064,Saiyid,52,1250,1400,4/29/2017
TI0295,"['Mobile-phone', 'Sim']",CUST011,7023711089,Ballerd,24,45150,50568,4/29/2017
TI0296,['SD-card'],CUST037,7023711063,Saje,53,1250,1400,4/29/2017
TI0297,['Mobile-phone'],CUST029,7023711071,Sagiv,30,45000,50400,4/30/2017
TI0298,"['Mobile-phone', 'Sim']",CUST009,7023711091,Ballard,12,45150,50568,5/1/2017
TI0299,"['Power-Bank', 'Mobile-phone']",CUST001,7023711099,Aahron,10,47500,53200,5/1/2017
TI0300,"['Earphones', 'SD-card']",CUST026,7023711074,Sagaz,29,3750,4200,5/1/2017
TI0301,"['Sim', 'Mobile-phone']",CUST024,7023711076,Saga,28,45150,50568,5/2/2017
TI0302,"['Power-Bank', 'Sim']",CUST007,7023711093,Aaren,12,2650,2968,5/3/2017
TI0303,"['Earphones', 'Sim']",CUST005,7023711095,Aamir,11,2650,2968,5/3/2017
TI0304,"['Earphones', 'SD-card']",CUST039,7023711061,Sal,56,3750,4200,5/3/2017
TI0305,['Mobile-phone'],CUST018,7023711082,Baltsaros,26,45000,50400,5/4/2017
TI0306,"['Earphones', 'SD-card']",CUST031,7023711069,Sahadev,54,3750,4200,5/5/2017
TI0307,"['Earphones', 'SD-card']",CUST001,7023711099,Aahron,10,3750,4200,5/5/2017
TI0308,"['Screen-Protector', 'Mobile-phone']",CUST011,7023711089,Ballerd,24,45300,50736,5/6/2017
TI0309,"['Sim', 'Mobile-phone']",CUST018,7023711082,Baltsaros,26,45150,50568,5/7/2017
TI0310,"['Earphones', 'Mobile-phone']",CUST015,7023711085,Baltazar,25,47500,53200,5/7/2017
TI0311,['Sim'],CUST025,7023711075,Sagar,29,150,168,5/8/2017
TI0312,"['Screen-Protector', 'Sim']",CUST038,7023711062,Sakima,55,450,504,5/9/2017
TI0313,"['Mobile-phone', 'Sim']",CUST021,7023711079,Safak,27,45150,50568,5/9/2017
TI0314,"['Sim', 'Mobile-phone']",CUST037,7023711063,Saje,53,45150,50568,5/9/2017
TI0315,"['Sim', 'Mobile-phone']",CUST022,7023711078,Safer,28,45150,50568,5/9/2017
TI0316,"['Screen-Protector', 'Sim']",CUST032,7023711068,Sahale,56,450,504,5/10/2017
TI0317,"['Earphones', 'Screen-Protector']",CUST009,7023711091,Ballard,12,2800,3136,5/11/2017
TI0318,"['Earphones', 'Screen-Protector']",CUST017,7023711083,Balthazzar,26,2800,3136,5/11/2017
TI0319,"['SD-card', 'Mobile-phone']",CUST023,7023711077,Safyr,28,46250,51800,5/11/2017
TI0320,"['Earphones', 'Mobile-phone']",CUST003,7023711097,Aalam,10,47500,53200,5/11/2017
TI0321,"['Cover-Case', 'Mobile-phone']",CUST032,7023711068,Sahale,56,46100,51632,5/12/2017
TI0322,"['SD-card', 'Screen-Protector']",CUST009,7023711091,Ballard,12,1550,1736,5/13/2017
TI0323,"['SD-card', 'Mobile-phone']",CUST039,7023711061,Sal,56,46250,51800,5/13/2017
TI0324,"['SD-card', 'Cover-Case']",CUST007,7023711093,Aaren,12,2350,2632,5/13/2017
TI0325,"['SD-card', 'Cover-Case']",CUST023,7023711077,Safyr,28,2350,2632,5/14/2017
TI0326,"['SD-card', 'Screen-Protector']",CUST038,7023711062,Sakima,55,1550,1736,5/15/2017
TI0327,"['Earphones', 'Screen-Protector']",CUST024,7023711076,Saga,28,2800,3136,5/15/2017
TI0328,"['Screen-Protector', 'Mobile-phone']",CUST019,7023711081,Sady,27,45300,50736,5/15/2017
TI0329,"['Cover-Case', 'Mobile-phone']",CUST033,7023711067,Sahen,57,46100,51632,5/16/2017
TI0330,['Mobile-phone'],CUST019,7023711081,Sady,27,45000,50400,5/17/2017
TI0331,"['Sim', 'Mobile-phone']",CUST022,7023711078,Safer,28,45150,50568,5/17/2017
TI0332,"['Earphones', 'Screen-Protector']",CUST033,7023711067,Sahen,57,2800,3136,5/17/2017
TI0333,['Earphones'],CUST006,7023711094,Aaran,11,2500,2800,5/18/2017
TI0334,"['Power-Bank', 'Sim']",CUST009,7023711091,Ballard,12,2650,2968,5/19/2017
TI0335,"['SD-card', 'Sim']",CUST001,7023711099,Aahron,10,1400,1568,5/19/2017
TI0336,"['SD-card', 'Cover-Case']",CUST026,7023711074,Sagaz,29,2350,2632,5/19/2017
TI0337,"['Screen-Protector', 'Mobile-phone']",CUST034,7023711066,Sahib,59,45300,50736,5/19/2017
TI0338,"['Cover-Case', 'Screen-Protector']",CUST025,7023711075,Sagar,29,1400,1568,5/19/2017
TI0339,['Cover-Case'],CUST021,7023711079,Safak,27,1100,1232,5/19/2017
TI0340,['SD-card'],CUST029,7023711071,Sagiv,30,1250,1400,5/20/2017
TI0341,"['Screen-Protector', 'Sim']",CUST001,7023711099,Aahron,10,450,504,5/21/2017
TI0342,"['Cover-Case', 'Sim']",CUST003,7023711097,Aalam,10,1250,1400,5/21/2017
TI0343,"['Mobile-phone', 'Sim']",CUST011,7023711089,Ballerd,24,45150,50568,5/21/2017
TI0344,['Sim'],CUST010,7023711090,Ballentine,23,150,168,5/22/2017
TI0345,"['Screen-Protector', 'Mobile-phone']",CUST005,7023711095,Aamir,11,45300,50736,5/23/2017
TI0346,"['Earphones', 'Mobile-phone']",CUST040,7023711060,Salamon,58,47500,53200,5/23/2017
TI0347,"['SD-card', 'Mobile-phone']",CUST027,7023711073,Sage,29,46250,51800,5/24/2017
TI0348,"['Power-Bank', 'Mobile-phone']",CUST029,7023711071,Sagiv,30,47500,53200,5/25/2017
TI0349,"['Earphones', 'Sim']",CUST031,7023711069,Sahadev,54,2650,2968,5/25/2017
TI0350,['Mobile-phone'],CUST001,7023711099,Aahron,10,45000,50400,5/25/2017
TI0351,['Screen-Protector'],CUST005,7023711095,Aamir,11,300,336,5/25/2017
TI0352,"['Earphones', 'Mobile-phone']",CUST002,7023711098,Aakash,10,47500,53200,5/26/2017
TI0353,"['Mobile-phone', 'Sim']",CUST038,7023711062,Sakima,55,45150,50568,5/27/2017
TI0354,"['Screen-Protector', 'Sim']",CUST034,7023711066,Sahib,59,450,504,5/27/2017
TI0355,"['Cover-Case', 'Sim']",CUST031,7023711069,Sahadev,54,1250,1400,5/27/2017
TI0356,"['Sim', 'Mobile-phone']",CUST021,7023711079,Safak,27,45150,50568,5/27/2017
TI0357,"['Mobile-phone', 'Sim']",CUST039,7023711061,Sal,56,45150,50568,5/28/2017
TI0358,"['Mobile-phone', 'Sim']",CUST028,7023711072,Sagittarius,30,45150,50568,5/29/2017
TI0359,"['Screen-Protector', 'Mobile-phone']",CUST003,7023711097,Aalam,10,45300,50736,5/29/2017
TI0360,"['Power-Bank', 'Mobile-phone']",CUST021,7023711079,Safak,27,47500,53200,5/29/2017
TI0361,"['Cover-Case', 'Sim']",CUST016,7023711084,Balthazar,25,1250,1400,5/29/2017
TI0362,"['Earphones', 'Sim']",CUST009,7023711091,Ballard,12,2650,2968,5/29/2017
TI0363,"['SD-card', 'Sim']",CUST040,7023711060,Salamon,58,1400,1568,5/30/2017
TI0364,"['Mobile-phone', 'Sim']",CUST019,7023711081,Sady,27,45150,50568,5/31/2017
TI0365,['Cover-Case'],CUST031,7023711069,Sahadev,54,1100,1232,5/31/2017
TI0366,"['Sim', 'Mobile-phone']",CUST004,7023711096,Aamer,11,45150,50568,5/31/2017
TI0367,"['Cover-Case', 'Mobile-phone']",CUST011,7023711089,Ballerd,24,46100,51632,6/1/2017
TI0368,['Mobile-phone'],CUST002,7023711098,Aakash,10,45000,50400,6/2/2017
TI0369,"['Screen-Protector', 'Sim']",CUST029,7023711071,Sagiv,30,450,504,6/2/2017
TI0370,"['Mobile-phone', 'Sim']",CUST032,7023711068,Sahale,56,45150,50568,6/3/2017
TI0371,"['SD-card', 'Mobile-phone']",CUST015,7023711085,Baltazar,25,46250,51800,6/4/2017
TI0372,"['SD-card', 'Cover-Case', 'Sim']",CUST036,7023711064,Saiyid,52,2500,2800,6/4/2017
TI0373,"['SD-card', 'Screen-Protector', 'Mobile-phone']",CUST020,7023711080,Saeed,27,46550,52136,6/4/2017
TI0374,"['Screen-Protector', 'Sim']",CUST025,7023711075,Sagar,29,450,504,6/4/2017
TI0375,"['SD-card', 'Mobile-phone']",CUST008,7023711092,Ballad,12,46250,51800,6/4/2017
TI0376,"['Cover-Case', 'Screen-Protector', 'Mobile-phone']",CUST004,7023711096,Aamer,11,46400,51968,6/5/2017
TI0377,"['Cover-Case', 'Mobile-phone']",CUST036,7023711064,Saiyid,52,46100,51632,6/6/2017
TI0378,"['Screen-Protector', 'Sim']",CUST038,7023711062,Sakima,55,450,504,6/6/2017
TI0379,"['SD-card', 'Screen-Protector', 'Mobile-phone']",CUST006,7023711094,Aaran,11,46550,52136,6/6/2017
TI0380,"['Power-Bank', 'Cover-Case']",CUST007,7023711093,Aaren,12,3600,4032,6/6/2017
TI0381,"['Power-Bank', 'Cover-Case']",CUST017,7023711083,Balthazzar,26,3600,4032,6/6/2017
TI0382,"['Mobile-phone', 'Sim']",CUST031,7023711069,Sahadev,54,45150,50568,6/7/2017
TI0383,"['Cover-Case', 'Sim']",CUST020,7023711080,Saeed,27,1250,1400,6/8/2017
TI0384,"['Screen-Protector', 'Mobile-phone']",CUST038,7023711062,Sakima,55,45300,50736,6/8/2017
TI0385,"['SD-card', 'Screen-Protector']",CUST027,7023711073,Sage,29,1550,1736,6/8/2017
TI0386,"['SD-card', 'Sim']",CUST019,7023711081,Sady,27,1400,1568,6/8/2017
TI0387,"['SD-card', 'Sim']",CUST002,7023711098,Aakash,10,1400,1568,6/8/2017
TI0388,"['Earphones', 'Cover-Case', 'Mobile-phone']",CUST031,7023711069,Sahadev,54,48600,54432,6/8/2017
TI0389,"['SD-card', 'Sim']",CUST022,7023711078,Safer,28,1400,1568,6/9/2017
TI0390,['Mobile-phone'],CUST038,7023711062,Sakima,55,45000,50400,6/10/2017
TI0391,"['Power-Bank', 'Mobile-phone']",CUST008,7023711092,Ballad,12,47500,53200,6/10/2017
TI0392,"['Mobile-phone', 'Cover-Case', 'Sim']",CUST010,7023711090,Ballentine,23,46250,51800,6/11/2017
TI0393,"['Sim', 'Screen-Protector', 'Mobile-phone']",CUST025,7023711075,Sagar,29,45450,50904,6/12/2017
TI0394,"['Earphones', 'Screen-Protector', 'Sim']",CUST019,7023711081,Sady,27,2950,3304,6/12/2017
TI0395,"['Earphones', 'Screen-Protector', 'Sim']",CUST031,7023711069,Sahadev,54,2950,3304,6/12/2017
TI0396,"['SD-card', 'Sim']",CUST008,7023711092,Ballad,12,1400,1568,6/12/2017
TI0397,"['Power-Bank', 'Screen-Protector', 'Sim']",CUST015,7023711085,Baltazar,25,2950,3304,6/12/2017
TI0398,"['Mobile-phone', 'Screen-Protector', 'Sim']",CUST030,7023711070,Sago,31,45450,50904,6/12/2017
TI0399,"['Screen-Protector', 'Sim']",CUST035,7023711065,Said,50,450,504,6/13/2017
TI0400,"['SD-card', 'Mobile-phone']",CUST022,7023711078,Safer,28,46250,51800,6/14/2017
TI0401,['Mobile-phone'],CUST028,7023711072,Sagittarius,30,45000,50400,6/14/2017
TI0402,"['Earphones', 'Cover-Case']",CUST006,7023711094,Aaran,11,3600,4032,6/14/2017
TI0403,"['Screen-Protector', 'Sim']",CUST020,7023711080,Saeed,27,450,504,6/14/2017
TI0404,"['Earphones', 'SD-card', 'Cover-Case']",CUST002,7023711098,Aakash,10,4850,5432,6/14/2017
TI0405,"['SD-card', 'Sim', 'Mobile-phone']",CUST009,7023711091,Ballard,12,46400,51968,6/15/2017
TI0406,"['Screen-Protector', 'Mobile-phone']",CUST033,7023711067,Sahen,57,45300,50736,6/16/2017
TI0407,"['SD-card', 'Mobile-phone', 'Sim']",CUST017,7023711083,Balthazzar,26,46400,51968,6/16/2017
TI0408,"['Earphones', 'SD-card', 'Sim']",CUST007,7023711093,Aaren,12,3900,4368,6/17/2017
TI0409,"['Earphones', 'Screen-Protector', 'Sim']",CUST017,7023711083,Balthazzar,26,2950,3304,6/18/2017
TI0410,"['Earphones', 'Sim']",CUST017,7023711083,Balthazzar,26,2650,2968,6/18/2017
TI0411,"['Screen-Protector', 'Sim']",CUST034,7023711066,Sahib,59,450,504,6/18/2017
TI0412,"['Cover-Case', 'Screen-Protector']",CUST008,7023711092,Ballad,12,1400,1568,6/18/2017
TI0413,"['Earphones', 'Screen-Protector', 'Sim']",CUST019,7023711081,Sady,27,2950,3304,6/18/2017
TI0414,"['Earphones', 'Mobile-phone']",CUST037,7023711063,Saje,53,47500,53200,6/19/2017
TI0415,"['Earphones', 'Cover-Case', 'Mobile-phone']",CUST021,7023711079,Safak,27,48600,54432,6/20/2017
TI0416,"['Sim', 'Screen-Protector', 'Mobile-phone']",CUST021,7023711079,Safak,27,45450,50904,6/20/2017
TI0417,"['Earphones', 'Screen-Protector', 'Sim']",CUST019,7023711081,Sady,27,2950,3304,6/20/2017
TI0418,"['Mobile-phone', 'Sim']",CUST007,7023711093,Aaren,12,45150,50568,6/20/2017
TI0419,['Mobile-phone'],CUST005,7023711095,Aamir,11,45000,50400,6/20/2017
TI0420,"['Earphones', 'SD-card', 'Mobile-phone']",CUST029,7023711071,Sagiv,30,48750,54600,6/21/2017
TI0421,"['Cover-Case', 'Screen-Protector']",CUST009,7023711091,Ballard,12,1400,1568,6/22/2017
TI0422,"['Sim', 'Mobile-phone']",CUST038,7023711062,Sakima,55,45150,50568,6/22/2017
TI0423,"['Earphones', 'SD-card', 'Screen-Protector']",CUST037,7023711063,Saje,53,4050,4536,6/22/2017
TI0424,"['SD-card', 'Mobile-phone']",CUST022,7023711078,Safer,28,46250,51800,6/22/2017
TI0425,"['Power-Bank', 'SD-card', 'Mobile-phone']",CUST011,7023711089,Ballerd,24,48750,54600,6/22/2017
TI0426,"['Mobile-phone', 'Sim']",CUST033,7023711067,Sahen,57,45150,50568,6/23/2017
TI0427,"['Earphones', 'Screen-Protector', 'Mobile-phone']",CUST038,7023711062,Sakima,55,47800,53536,6/24/2017
TI0428,"['SD-card', 'Sim', 'Mobile-phone']",CUST038,7023711062,Sakima,55,46400,51968,6/24/2017
TI0429,"['Earphones', 'SD-card', 'Sim']",CUST021,7023711079,Safak,27,3900,4368,6/24/2017
TI0430,"['Power-Bank', 'Screen-Protector', 'Sim']",CUST025,7023711075,Sagar,29,2950,3304,6/24/2017
TI0431,"['SD-card', 'Mobile-phone', 'Sim']",CUST015,7023711085,Baltazar,25,46400,51968,6/25/2017
TI0432,"['SD-card', 'Sim', 'Mobile-phone']",CUST005,7023711095,Aamir,11,46400,51968,6/26/2017
TI0433,"['Earphones', 'Sim']",CUST007,7023711093,Aaren,12,2650,2968,6/26/2017
TI0434,"['Cover-Case', 'Screen-Protector', 'Mobile-phone']",CUST003,7023711097,Aalam,10,46400,51968,6/27/2017
TI0435,"['Cover-Case', 'Screen-Protector', 'Mobile-phone']",CUST025,7023711075,Sagar,29,46400,51968,6/28/2017
TI0436,"['Cover-Case', 'Screen-Protector']",CUST006,7023711094,Aaran,11,1400,1568,6/29/2017
TI0437,"['Power-Bank', 'SD-card', 'Sim']",CUST034,7023711066,Sahib,59,3900,4368,6/30/2017
TI0438,"['SD-card', 'Screen-Protector', 'Sim']",CUST021,7023711079,Safak,27,1700,1904,7/1/2017
TI0439,"['Mobile-phone', 'Sim']",CUST010,7023711090,Ballentine,23,45150,50568,7/2/2017
TI0440,"['Screen-Protector', 'Sim']",CUST016,7023711084,Balthazar,25,450,504,7/3/2017
